{"cameraMode":{"drawMode":0,"name":"Shaded","section":"Shading Mode"},"sceneLighting":true,"audioPlay":false,"sceneViewState":{"m_AlwaysRefresh":false,"showFog":true,"showSkybox":true,"showFlares":true,"showImageEffects":true,"showParticleSystems":true,"showVisualEffectGraphs":true,"m_FxEnabled":true},"in2DMode":false,"pivot":{"x":549.8494262695313,"y":409.8935241699219,"z":3.9311559200286867},"rotation":{"x":0.00599980354309082,"y":0.0008981007267720997,"z":-0.000004666087534133112,"w":0.9999858140945435},"size":392.35321044921877,"orthographic":false}